# Model: log-polar (binary maps), Actions: basic, Environment: 2km x 2km, 
# Num drones: 16, Num users: 20, Num obstacles: 0
# Max steps: 3000, Time step: 0.10
episode,steps,duration,reward,loss,epsilon,area_coverage,user_coverage,direct_conn,global_conn
0,3000,231.19485020637512,37.37812500000111,0.030484997,0.9762400000001081,66.8,60.0,75.0,18.75
1,3000,250.21918368339539,75.16250000000208,0.0033147535,0.9462400000002447,71.7,85.0,68.75,25.0
2,3000,255.2251102924347,51.521875000000264,0.0018626439,0.9162400000003812,66.0,50.0,81.25,18.75
3,3000,259.29674768447876,77.19687500000127,31.028955,0.8862400000005177,73.6,90.0,56.25,25.0
